{
    "gpsHeading": 104, 
    "gpsLatitude": 51.04635179278357, 
    "gpsLongitude": 6.991304357440736, 
    "outsideTemperature": 18.0, 
    "speed": 4.721500000000001, 
    "yawRate": -0.013177564112264206
}