{
    "gpsHeading": 107, 
    "gpsLatitude": 51.04597402040746, 
    "gpsLongitude": 6.995470414775808, 
    "outsideTemperature": 18.0, 
    "speed": 12.061437500000002, 
    "yawRate": -0.09573163773159393
}