{
    "gpsHeading": 154, 
    "gpsLatitude": 51.04402874831862, 
    "gpsLongitude": 7.000154892822239, 
    "outsideTemperature": 18.0, 
    "speed": 12.269250000000001, 
    "yawRate": 0.0002614711280925792
}