{
    "gpsHeading": 229, 
    "gpsLatitude": 51.04209814456031, 
    "gpsLongitude": 7.001056869422893, 
    "outsideTemperature": 18.0, 
    "speed": 3.2169375000000002, 
    "yawRate": -0.059428789290112756
}