{
    "gpsHeading": 231, 
    "gpsLatitude": 51.03908929277759, 
    "gpsLongitude": 6.998311544675992, 
    "outsideTemperature": 18.0, 
    "speed": 6.8245625, 
    "yawRate": -0.055938130786124356
}