{
    "gpsHeading": 354, 
    "gpsLatitude": 51.041405631720004, 
    "gpsLongitude": 6.986544609903759, 
    "outsideTemperature": 17.5, 
    "speed": 11.612562500000001, 
    "yawRate": 0.00590161961492977
}