{
    "gpsHeading": 163, 
    "gpsLatitude": 51.03099958274727, 
    "gpsLongitude": 6.981362079170677, 
    "outsideTemperature": 18.5, 
    "speed": 4.7298124999999995, 
    "yawRate": -0.011788685466679754
}