{
    "gpsHeading": 88, 
    "gpsLatitude": 51.02301229957375, 
    "gpsLongitude": 7.000239047130115, 
    "outsideTemperature": 17.5, 
    "speed": 7.439687500000001, 
    "yawRate": 0.015880356885438703
}