{
    "gpsHeading": 347, 
    "gpsLatitude": 51.03877203774242, 
    "gpsLongitude": 6.995992942619721, 
    "outsideTemperature": 18.0, 
    "speed": 0.2576875, 
    "yawRate": 0.008464518612465274
}