{
    "gpsHeading": 90, 
    "gpsLatitude": 51.046727888779024, 
    "gpsLongitude": 6.984909887327551, 
    "outsideTemperature": 18.0, 
    "speed": 8.1795, 
    "yawRate": -0.018762617718645846
}