{
    "gpsHeading": 285, 
    "gpsLatitude": 51.03253598559924, 
    "gpsLongitude": 6.980730754223531, 
    "outsideTemperature": 17.0, 
    "speed": 8.0215625, 
    "yawRate": 0.011947792360441972
}