{
    "gpsHeading": 89, 
    "gpsLatitude": 51.04618482527233, 
    "gpsLongitude": 6.99452099660317, 
    "outsideTemperature": 18.0, 
    "speed": 8.6200625, 
    "yawRate": -0.07234422575487075
}