{
    "gpsHeading": 115, 
    "gpsLatitude": 51.04699040998648, 
    "gpsLongitude": 6.9824276705213055, 
    "outsideTemperature": 18.0, 
    "speed": 10.166187500000001, 
    "yawRate": 0.035342589093177855
}