{
    "gpsHeading": 335, 
    "gpsLatitude": 51.030214282238795, 
    "gpsLongitude": 6.980065985482732, 
    "outsideTemperature": 18.0, 
    "speed": 4.804625000000001, 
    "yawRate": 0.0009522180728779614
}