{
    "gpsHeading": 160, 
    "gpsLatitude": 51.032954829300905, 
    "gpsLongitude": 6.976457659984926, 
    "outsideTemperature": 17.0, 
    "speed": 7.2734375, 
    "yawRate": 0.00618820582886106
}