{
    "gpsHeading": 151, 
    "gpsLatitude": 51.04082124543064, 
    "gpsLongitude": 6.998857960943977, 
    "outsideTemperature": 18.0, 
    "speed": 1.6043125, 
    "yawRate": 0.006195590584872762
}