{
    "gpsHeading": 163, 
    "gpsLatitude": 51.033707021291825, 
    "gpsLongitude": 6.987147101103995, 
    "outsideTemperature": 21.0, 
    "speed": 0.0, 
    "yawRate": 0.0004900748427597319
}