{
    "gpsHeading": 216, 
    "gpsLatitude": 51.041510908423874, 
    "gpsLongitude": 6.998513213266399, 
    "outsideTemperature": 18.0, 
    "speed": 2.6101250000000005, 
    "yawRate": 0.15227964897679575
}