{
    "gpsHeading": 96, 
    "gpsLatitude": 51.047940666349426, 
    "gpsLongitude": 6.98072237232036, 
    "outsideTemperature": 17.5, 
    "speed": 6.691562500000001, 
    "yawRate": -0.015446492139856717
}