{
    "gpsHeading": 271, 
    "gpsLatitude": 51.04673459430157, 
    "gpsLongitude": 6.98445818656544, 
    "outsideTemperature": 19.5, 
    "speed": 8.669937500000001, 
    "yawRate": 0.012304242966853209
}