{
    "gpsHeading": 307, 
    "gpsLatitude": 51.03939841736669, 
    "gpsLongitude": 6.993879613372219, 
    "outsideTemperature": 17.5, 
    "speed": 9.659125, 
    "yawRate": -0.01806448601784777
}