{
    "gpsHeading": 353, 
    "gpsLatitude": 51.04508453284253, 
    "gpsLongitude": 6.985877075134912, 
    "outsideTemperature": 17.5, 
    "speed": 9.5510625, 
    "yawRate": 0.0024109611109413677
}