{
    "gpsHeading": 242, 
    "gpsLatitude": 50.77907100544368, 
    "gpsLongitude": 6.081348855508631, 
    "outsideTemperature": 24.0, 
    "speed": 6.118, 
    "yawRate": 0.0009125296830698386
}