{
    "gpsHeading": 122, 
    "gpsLatitude": 51.033564528937845, 
    "gpsLongitude": 6.974861577982339, 
    "outsideTemperature": 17.5, 
    "speed": 1.0556875000000001, 
    "yawRate": 0.0955490635309693
}