{
    "gpsHeading": 17, 
    "gpsLatitude": 51.03331122782391, 
    "gpsLongitude": 6.981666593713031, 
    "outsideTemperature": 17.0, 
    "speed": 9.4180625, 
    "yawRate": -0.003760170907506331
}