{
    "gpsHeading": 357, 
    "gpsLatitude": 51.02767205100582, 
    "gpsLongitude": 6.99050321513527, 
    "outsideTemperature": 18.0, 
    "speed": 0.9975, 
    "yawRate": -0.005980978726363391
}