{
    "gpsHeading": 171, 
    "gpsLatitude": 51.02354287404473, 
    "gpsLongitude": 6.999776282255815, 
    "outsideTemperature": 17.5, 
    "speed": 6.334125, 
    "yawRate": 0.001045058243487748
}