{
    "gpsHeading": 348, 
    "gpsLatitude": 51.02402508493438, 
    "gpsLongitude": 6.991533770130641, 
    "outsideTemperature": 17.5, 
    "speed": 11.953375, 
    "yawRate": 0.005712727261998698
}