{
    "gpsHeading": 195, 
    "gpsLatitude": 51.03404229741882, 
    "gpsLongitude": 6.974956042031115, 
    "outsideTemperature": 17.0, 
    "speed": 5.5943125, 
    "yawRate": 0.004617409502066626
}