{
    "gpsHeading": 346, 
    "gpsLatitude": 51.033911204453176, 
    "gpsLongitude": 6.981476827425129, 
    "outsideTemperature": 17.0, 
    "speed": 9.709000000000001, 
    "yawRate": 0.02503776175039922
}