{
    "gpsHeading": 259, 
    "gpsLatitude": 51.02280258435632, 
    "gpsLongitude": 6.992315466420717, 
    "outsideTemperature": 17.5, 
    "speed": 9.3848125, 
    "yawRate": -0.0009195238955795632
}