{
    "gpsHeading": 236, 
    "gpsLatitude": 51.039755402622895, 
    "gpsLongitude": 6.995685159135129, 
    "outsideTemperature": 18.5, 
    "speed": 8.428875, 
    "yawRate": -0.004101852001893171
}