{
    "gpsHeading": 252, 
    "gpsLatitude": 51.032666240374596, 
    "gpsLongitude": 6.981667431903349, 
    "outsideTemperature": 17.0, 
    "speed": 6.783, 
    "yawRate": -0.051058593636551505
}