{
    "gpsHeading": 273, 
    "gpsLatitude": 51.04672679913161, 
    "gpsLongitude": 6.984996304749283, 
    "outsideTemperature": 20.5, 
    "speed": 7.132125, 
    "yawRate": -0.005498115403489325
}