{
    "gpsHeading": 69, 
    "gpsLatitude": 51.032788197065784, 
    "gpsLongitude": 6.982604361040227, 
    "outsideTemperature": 18.5, 
    "speed": 4.9293125, 
    "yawRate": -0.0021279190352323134
}