{
    "gpsHeading": 353, 
    "gpsLatitude": 51.03228008609531, 
    "gpsLongitude": 6.982030200672745, 
    "outsideTemperature": 17.0, 
    "speed": 3.5660625, 
    "yawRate": 0.025212294675598497
}