{
    "gpsHeading": 345, 
    "gpsLatitude": 51.0255961888655, 
    "gpsLongitude": 6.991294047699835, 
    "outsideTemperature": 17.5, 
    "speed": 3.2169375000000002, 
    "yawRate": -0.0054573799507655766
}