{
    "gpsHeading": 331, 
    "gpsLatitude": 51.03507897120351, 
    "gpsLongitude": 6.980719354835219, 
    "outsideTemperature": 17.0, 
    "speed": 10.224375, 
    "yawRate": 0.00025408637208087625
}