{
    "gpsHeading": 172, 
    "gpsLatitude": 51.02526426549978, 
    "gpsLongitude": 6.999528513197964, 
    "outsideTemperature": 17.5, 
    "speed": 8.229375000000001, 
    "yawRate": -0.0005257380833076776
}