{
    "gpsHeading": 70, 
    "gpsLatitude": 51.030522652456604, 
    "gpsLongitude": 6.981482946214443, 
    "outsideTemperature": 18.0, 
    "speed": 3.973375, 
    "yawRate": 0.024514162974801412
}