{
    "gpsHeading": 96, 
    "gpsLatitude": 51.04662931759769, 
    "gpsLongitude": 6.986001294939982, 
    "outsideTemperature": 18.0, 
    "speed": 9.459624999999999, 
    "yawRate": 0.008813584462864808
}