{
    "gpsHeading": 0, 
    "gpsLatitude": 51.04636847277088, 
    "gpsLongitude": 6.990892386899691, 
    "outsideTemperature": 18.0, 
    "speed": 3.5161875, 
    "yawRate": 0.012129710041653937
}