{
    "gpsHeading": 90, 
    "gpsLatitude": 51.04627342198887, 
    "gpsLongitude": 6.993619020002517, 
    "outsideTemperature": 18.0, 
    "speed": 4.8295625, 
    "yawRate": -0.0070689117302837595
}