{
    "gpsHeading": 78, 
    "gpsLatitude": 51.03094484891954, 
    "gpsLongitude": 6.978728233735991, 
    "outsideTemperature": 17.0, 
    "speed": 6.0847500000000005, 
    "yawRate": -0.0004440453287172007
}