{
    "gpsHeading": 353, 
    "gpsLatitude": 51.039323147876175, 
    "gpsLongitude": 6.995972155499855, 
    "outsideTemperature": 19.0, 
    "speed": 9.6508125, 
    "yawRate": -0.001483858123902118
}