{
    "gpsHeading": 4, 
    "gpsLatitude": 51.04801015232674, 
    "gpsLongitude": 6.981396864068839, 
    "outsideTemperature": 18.0, 
    "speed": 8.886062500000001, 
    "yawRate": 0.05262134868792158
}