{
    "gpsHeading": 150, 
    "gpsLatitude": 51.03190063733859, 
    "gpsLongitude": 6.977034083466264, 
    "outsideTemperature": 17.0, 
    "speed": 6.0099375, 
    "yawRate": 0.01788191181722315
}