{
    "gpsHeading": 238, 
    "gpsLatitude": 51.030223418513266, 
    "gpsLongitude": 6.981446568754679, 
    "outsideTemperature": 18.0, 
    "speed": 5.361562500000001, 
    "yawRate": 0.017183780116425074
}