{
    "gpsHeading": 299, 
    "gpsLatitude": 51.04701815408599, 
    "gpsLongitude": 6.982354328868522, 
    "outsideTemperature": 18.5, 
    "speed": 10.2326875, 
    "yawRate": -0.0335979163605968
}