{
    "gpsHeading": 137, 
    "gpsLatitude": 51.04639286410913, 
    "gpsLongitude": 6.9903512512307024, 
    "outsideTemperature": 18.0, 
    "speed": 7.655812500000001, 
    "yawRate": 0.0054974588840756775
}