{
    "gpsHeading": 114, 
    "gpsLatitude": 51.04515980233304, 
    "gpsLongitude": 6.997667395416994, 
    "outsideTemperature": 18.0, 
    "speed": 13.1088125, 
    "yawRate": 0.009337183238462622
}