{
    "gpsHeading": 259, 
    "gpsLatitude": 51.03643097218565, 
    "gpsLongitude": 6.978104620139764, 
    "outsideTemperature": 17.0, 
    "speed": 7.331625000000001, 
    "yawRate": 0.052439431006709614
}