{
    "gpsHeading": 69, 
    "gpsLatitude": 51.02782678093844, 
    "gpsLongitude": 6.990078252644307, 
    "outsideTemperature": 21.5, 
    "speed": 0.482125, 
    "yawRate": 0.007153710625467203
}