{
    "gpsHeading": 320, 
    "gpsLatitude": 51.031012323240084, 
    "gpsLongitude": 6.979635155659516, 
    "outsideTemperature": 20.5, 
    "speed": 1.579375, 
    "yawRate": -0.00195338611003205
}