{
    "gpsHeading": 59, 
    "gpsLatitude": 51.03397180561311, 
    "gpsLongitude": 6.9879054118842205, 
    "outsideTemperature": 21.5, 
    "speed": 4.7796875, 
    "yawRate": -0.13651724734780557
}