{
    "gpsHeading": 70, 
    "gpsLatitude": 51.02844067152697, 
    "gpsLongitude": 6.995400174427198, 
    "outsideTemperature": 18.0, 
    "speed": 11.00575, 
    "yawRate": 0.013960494708244736
}