{
    "gpsHeading": 170, 
    "gpsLatitude": 51.02857092630232, 
    "gpsLongitude": 6.99838354522427, 
    "outsideTemperature": 18.0, 
    "speed": 8.41225, 
    "yawRate": 0.017102087361834592
}