{
    "gpsHeading": 347, 
    "gpsLatitude": 51.03188622046512, 
    "gpsLongitude": 6.982169926998681, 
    "outsideTemperature": 17.0, 
    "speed": 4.6300625, 
    "yawRate": 0.011947792360441972
}