{
    "gpsHeading": 74, 
    "gpsLatitude": 51.03143376533174, 
    "gpsLongitude": 6.981941017222967, 
    "outsideTemperature": 17.0, 
    "speed": 5.070625000000001, 
    "yawRate": 0.016834714266026528
}